timestamp_epoch,power_w,gpu_util,mem_copy_util
1776522465.404946,35.831000,0,0
1776522467.605413,35.831000,0,0
1776522469.611027,35.831000,0,0
1776522471.624445,35.831000,0,0
1776522473.819771,35.831000,0,0
1776522475.829831,35.831000,0,0
1776522478.233538,35.831000,0,0
1776522480.443925,35.831000,0,0
1776522483.046493,35.831000,0,0
1776522485.058563,35.831000,0,0
1776522487.064894,35.831000,0,0
1776522489.129477,35.831000,0,0
1776522491.135326,35.831000,0,0
1776522493.263945,35.831000,0,0
1776522495.479101,35.831000,0,0
1776522497.485340,35.831000,0,0
1776522499.874017,35.831000,0,0
1776522501.888792,35.831000,0,0
1776522504.714466,35.831000,0,0
1776522506.904640,35.831000,0,0
1776522508.909059,35.831000,0,0
1776522511.100161,35.831000,0,0
1776522513.105284,35.831000,0,0
1776522515.162440,35.831000,0,0
1776522517.353603,35.831000,0,0
1776522519.386638,35.831000,0,0
1776522521.393927,35.831000,0,0
1776522523.616845,35.831000,0,0
1776522525.624422,35.734000,0,0
1776522527.644743,35.734000,0,0
1776522529.841047,35.734000,0,0
1776522531.851710,35.734000,0,0
1776522533.858939,35.734000,0,0
1776522536.113342,35.734000,0,0
1776522538.550673,35.734000,0,0
1776522540.796448,35.734000,0,0
1776522542.811324,35.734000,0,0
1776522544.820798,35.734000,0,0
1776522546.829094,35.734000,0,0
1776522549.030806,35.734000,0,0
1776522551.052036,35.734000,0,0
1776522553.345656,35.734000,0,0
1776522555.539281,35.831000,0,0
1776522557.548820,35.831000,0,0
1776522559.891470,35.831000,0,0
1776522562.042767,35.831000,0,0
1776522564.259567,35.831000,0,0
1776522566.459848,35.831000,0,0
1776522568.548547,35.831000,0,0
1776522570.573304,35.831000,0,0
1776522572.773004,35.831000,0,0
1776522574.789100,35.831000,0,0
1776522576.800959,35.831000,0,0
1776522578.998935,35.831000,0,0
1776522581.039947,35.831000,0,0
1776522583.251003,35.831000,0,0
1776522585.274894,35.929000,0,0
1776522587.281749,35.929000,0,0
1776522589.478999,35.929000,0,0
1776522591.505188,35.929000,0,0
1776522593.796404,35.929000,0,0
1776522595.989213,35.929000,0,0
1776522598.439102,35.929000,0,0
1776522600.450878,35.929000,0,0
1776522602.464867,35.929000,0,0
1776522604.374805,35.929000,0,0
1776522606.437463,35.929000,0,0
1776522608.500101,35.929000,0,0
1776522610.746067,35.929000,0,0
1776522613.417471,35.929000,0,0
1776522615.828945,64.553000,97,71
1776522617.839313,64.553000,97,71
1776522619.844548,64.553000,97,71
1776522621.848047,64.553000,97,71
1776522624.374057,64.553000,97,71
1776522626.428893,64.553000,97,71
1776522628.509613,64.553000,97,71
1776522631.155500,64.553000,97,71
1776522633.223545,64.553000,97,71
1776522635.276960,64.553000,97,71
1776522637.519600,64.553000,97,71
1776522639.574298,64.553000,97,71
1776522641.589666,64.553000,97,71
1776522643.712230,69.918000,98,28
1776522646.294686,69.918000,98,28
1776522648.878548,69.918000,98,28
1776522650.933261,69.918000,98,28
1776522653.158453,69.918000,98,28
1776522655.166068,69.918000,98,28
1776522657.698993,69.918000,98,28
1776522660.103668,69.918000,98,28
1776522662.137699,69.918000,98,28
1776522663.989433,69.918000,98,28
1776522666.187665,69.918000,98,28
1776522668.199695,69.918000,98,28
1776522670.203856,69.918000,98,28
1776522672.695156,69.918000,98,28
1776522674.706094,66.250000,96,85
1776522676.901646,66.250000,96,85
1776522678.909049,66.250000,96,85
1776522680.918745,66.250000,96,85
1776522682.933787,66.250000,96,85
1776522685.126804,66.250000,96,85
1776522687.291829,66.250000,96,85
1776522689.297170,66.250000,96,85
1776522691.358604,66.250000,96,85
1776522693.427556,66.250000,96,85
1776522695.482017,66.250000,96,85
1776522697.537586,66.250000,96,85
1776522699.593440,66.250000,96,85
1776522701.998518,66.250000,96,85
1776522703.994303,66.250000,96,50
1776522706.045718,61.732000,90,50
1776522708.627425,61.732000,90,50
1776522710.886642,61.732000,90,50
1776522713.094032,61.732000,90,50
1776522715.290037,61.732000,90,50
1776522717.347143,61.732000,90,50
1776522719.769466,61.732000,90,50
1776522721.788007,61.732000,90,50
1776522723.803378,61.732000,90,50
1776522725.809403,61.732000,90,50
1776522728.042660,61.732000,90,50
1776522730.674707,61.732000,90,50
1776522732.930527,61.732000,90,50
1776522735.516954,65.809000,97,73
1776522737.929730,65.809000,97,73
1776522739.939549,65.809000,97,73
1776522742.144099,65.809000,97,73
1776522743.987316,65.809000,97,73
1776522745.991657,65.809000,97,73
1776522748.285340,65.809000,97,73
1776522750.289773,65.809000,97,73
1776522752.491056,65.809000,97,73
1776522754.364364,65.809000,97,73
1776522756.555919,65.809000,97,73
1776522758.563036,65.809000,97,73
1776522761.141724,65.809000,97,73
1776522763.196408,65.809000,97,73
1776522765.387803,66.347000,93,73
1776522767.393168,66.347000,93,73
1776522769.403061,66.347000,93,73
1776522771.594130,66.347000,93,73
1776522773.622650,66.347000,93,73
1776522775.818256,66.347000,93,73
1776522777.998452,66.347000,93,73
1776522780.200013,66.347000,93,73
1776522782.214596,66.347000,93,73
1776522784.412212,66.347000,93,73
1776522786.429590,66.347000,93,73
1776522788.484526,66.347000,93,73
1776522790.488360,66.347000,93,73
1776522792.944476,66.347000,93,73
1776522794.952715,67.312000,96,84
1776522796.959476,67.312000,96,84
1776522799.174825,67.312000,96,84
1776522801.189920,67.312000,96,84
1776522803.250339,67.312000,96,84
1776522805.445281,67.312000,96,84
1776522807.719539,67.312000,96,84
1776522810.128040,67.312000,96,84
1776522812.141001,67.312000,96,84
1776522813.996181,67.312000,96,84
1776522816.186451,67.312000,96,84
1776522818.193572,67.312000,96,84
1776522820.203288,67.312000,96,84
1776522822.514355,67.312000,96,84
1776522824.369923,65.961000,94,80
1776522826.562856,65.961000,94,80
1776522828.756863,65.961000,94,80
1776522830.765581,65.961000,94,80
1776522832.785304,65.961000,94,80
1776522834.976970,65.961000,94,80
1776522836.992276,65.961000,94,80
1776522839.619682,65.961000,94,80
1776522841.655430,65.961000,94,80
1776522843.795643,65.961000,94,80
1776522845.987370,65.961000,94,80
1776522848.001753,65.961000,94,80
1776522850.197321,65.961000,94,80
1776522852.353172,65.961000,94,80
1776522854.544275,65.214000,80,63
1776522856.550655,65.214000,80,63
1776522858.748323,65.214000,80,63
1776522861.133534,65.214000,80,63
1776522863.137831,65.214000,80,63
1776522865.143067,65.214000,80,63
1776522867.940919,65.214000,80,63
1776522869.951033,65.214000,80,63
1776522871.959864,65.214000,80,63
1776522874.153819,65.214000,80,63
1776522876.548029,65.214000,80,63
1776522878.556481,65.214000,80,63
1776522880.964775,65.214000,80,63
1776522883.031177,65.214000,80,63
1776522885.045752,65.575000,96,85
1776522887.053158,65.575000,96,85
1776522889.638591,65.575000,96,85
1776522892.225877,65.575000,96,85
1776522894.283387,65.575000,96,85
1776522896.864618,65.575000,96,85
1776522899.106832,65.575000,96,85
1776522901.680800,65.575000,96,85
1776522903.876966,65.575000,96,85
1776522905.893244,65.575000,96,85
1776522907.908640,65.575000,96,85
1776522910.114682,65.575000,96,85
1776522912.239243,65.575000,96,85
1776522914.636468,66.581000,96,85
1776522916.640030,66.581000,96,85
1776522918.832264,66.581000,96,85
1776522920.840356,66.581000,96,85
1776522922.853576,66.581000,96,85
1776522925.057320,66.581000,96,85
1776522927.063741,66.581000,96,85
1776522929.259857,66.581000,96,85
1776522931.267576,66.581000,96,85
1776522933.457637,66.581000,96,85
1776522935.704800,66.581000,96,85
1776522937.708375,66.581000,96,85
1776522939.899927,66.581000,96,85
1776522941.919865,66.581000,96,85
1776522943.940876,66.016000,96,69
1776522946.142266,66.016000,92,69
1776522948.146622,66.016000,92,69
1776522950.153360,66.016000,92,69
1776522952.349485,66.016000,92,69
1776522954.420285,66.016000,92,69
1776522956.999518,66.016000,92,69
1776522959.001638,66.016000,92,69
1776522961.193653,66.016000,92,69
1776522963.391520,66.016000,92,69
1776522965.394662,66.016000,92,69
1776522967.592553,66.016000,92,69
1776522969.647981,66.016000,92,69
1776522971.704752,66.016000,92,69
1776522973.913352,66.016000,92,69
1776522975.916008,66.968000,94,88
1776522977.930518,66.968000,94,88
1776522979.941477,66.968000,94,88
1776522982.147319,66.968000,94,88
1776522984.210594,66.968000,94,88
1776522986.799169,66.968000,94,88
1776522989.016085,66.968000,94,88
1776522991.032130,66.968000,94,88
1776522993.052444,66.968000,94,88
1776522995.065876,66.968000,94,88
1776522997.270273,66.968000,94,88
1776522999.347519,66.968000,94,88
1776523001.949847,66.968000,94,88
1776523004.214653,63.951000,97,38
1776523006.240396,63.951000,97,38
1776523008.252737,63.951000,97,38
1776523010.448519,63.951000,97,38
1776523012.460962,63.951000,97,38
1776523014.365445,63.951000,97,38
1776523016.561973,63.951000,97,38
1776523018.620530,63.951000,97,38
1776523020.630891,63.951000,97,38
1776523022.827333,63.951000,97,38
1776523024.833013,63.951000,97,38
1776523027.024838,63.951000,97,38
1776523029.048426,63.951000,97,38
1776523031.054130,63.951000,97,38
1776523033.311798,63.951000,97,38
1776523035.509914,63.877000,96,85
1776523037.521754,63.877000,96,85
1776523039.530373,63.877000,96,85
1776523041.742646,63.877000,96,85
1776523043.992950,63.877000,96,85
1776523046.000520,63.877000,96,85
1776523048.114814,63.877000,96,85
1776523050.310904,63.877000,96,85
1776523052.335438,63.877000,96,85
1776523054.338965,63.877000,96,85
1776523056.533628,63.877000,96,85
1776523058.537769,63.877000,96,85
1776523060.543513,63.877000,96,85
1776523062.627961,63.877000,96,85
1776523064.632361,70.356000,86,45
1776523067.032291,70.356000,86,45
1776523069.045965,70.356000,86,45
1776523071.239683,70.356000,86,45
1776523073.257044,70.356000,86,45
1776523075.455961,70.356000,86,45
1776523077.591239,70.356000,86,45
1776523079.596238,70.356000,86,45
1776523081.793909,70.356000,86,45
1776523083.799524,70.356000,86,45
1776523085.803734,70.356000,86,45
1776523087.995993,70.356000,86,45
1776523090.013508,70.356000,86,45
1776523092.035760,70.356000,86,45
1776523094.298824,69.339000,94,28
1776523096.315011,69.339000,94,28
1776523098.513684,69.339000,94,28
1776523100.522086,69.339000,94,28
1776523102.716889,69.339000,94,28
1776523104.780416,69.339000,94,28
1776523106.789096,69.339000,94,28
1776523108.800706,69.339000,94,28
1776523111.000528,69.339000,94,28
1776523113.008815,69.339000,94,28
1776523115.243007,69.339000,94,28
1776523117.271980,69.339000,94,28
1776523119.471473,69.339000,94,28
1776523121.479563,69.339000,94,28
1776523123.800204,69.339000,94,28
1776523125.997254,67.009000,96,83
1776523128.001440,67.009000,96,83
1776523130.020080,67.009000,96,83
1776523132.025127,67.009000,96,83
1776523134.377648,67.009000,96,83
1776523136.486461,67.009000,96,83
1776523139.168154,67.009000,96,83
1776523141.275823,67.009000,96,83
1776523143.881199,67.009000,96,83
1776523146.477847,67.009000,96,83
1776523148.481907,67.009000,96,83
1776523150.593716,67.009000,96,83
1776523152.935494,67.009000,96,83
1776523155.514308,67.505000,96,85
1776523157.621788,67.505000,96,85
1776523160.190885,67.505000,96,85
1776523162.392722,67.505000,96,85
1776523164.365962,67.505000,96,85
1776523166.373977,67.505000,96,85
1776523168.573718,67.505000,96,85
1776523170.576704,67.505000,96,85
1776523172.587766,67.505000,96,85
1776523174.778547,67.505000,96,85
1776523176.788620,67.505000,96,85
1776523178.979347,67.505000,96,85
1776523180.988911,67.505000,96,85
1776523183.579307,67.505000,96,85
1776523185.872600,65.463000,96,91
1776523187.877602,65.463000,96,91
1776523189.883044,65.463000,96,91
1776523192.076629,65.463000,96,91
1776523193.992542,65.463000,96,91
1776523196.200713,65.463000,96,91
1776523198.260791,65.463000,96,91
1776523200.462862,65.463000,96,91
1776523202.684658,65.463000,96,91
1776523204.700409,65.463000,96,91
1776523206.714586,65.463000,96,91
1776523208.909226,65.463000,96,91
1776523210.929439,65.463000,96,91
1776523213.243711,65.463000,96,91
1776523215.440397,34.566000,0,0
1776523217.448621,34.566000,0,0
1776523219.696429,34.566000,0,0
1776523221.710607,34.566000,0,0
1776523224.340212,34.566000,0,0
1776523226.349290,34.566000,0,0
1776523228.694671,34.566000,0,0
1776523230.697690,34.566000,0,0
1776523232.892228,34.566000,0,0
1776523234.905196,34.566000,0,0
1776523237.099664,34.566000,0,0
1776523239.113666,34.566000,0,0
1776523241.702508,34.566000,0,0
1776523243.793195,34.566000,0,0
1776523246.035275,35.053000,0,0
1776523248.049330,35.053000,0,0
1776523250.247546,35.053000,0,0
1776523252.447923,35.053000,0,0
1776523254.365382,35.053000,0,0
1776523256.372554,35.053000,0,0
1776523258.575698,35.053000,0,0
1776523260.581547,35.053000,0,0
1776523262.849453,35.053000,0,0
1776523264.855573,35.053000,0,0
1776523267.046962,35.053000,0,0
1776523269.052073,35.053000,0,0
1776523271.242941,35.053000,0,0
1776523273.421621,35.053000,0,0
1776523275.431133,35.539000,0,0
1776523277.645796,35.539000,0,0
1776523279.651359,35.539000,0,0
1776523281.845574,35.539000,0,0
1776523283.859988,35.539000,0,0
1776523286.057905,35.539000,0,0
1776523288.161025,35.539000,0,0
1776523290.169689,35.539000,0,0
1776523292.373294,35.539000,0,0
1776523294.401299,35.539000,0,0
1776523296.596801,35.539000,0,0
1776523298.602293,35.539000,0,0
1776523300.795068,35.539000,0,0
1776523302.810086,35.539000,0,0
1776523304.820931,35.929000,0,0
1776523307.018577,35.929000,0,0
1776523309.024080,35.929000,0,0
1776523311.225272,35.929000,0,0
1776523313.244504,35.929000,0,0
1776523315.437429,35.929000,0,0
1776523317.626825,35.929000,0,0
1776523319.817146,35.929000,0,0
1776523321.825817,35.929000,0,0
1776523324.066367,35.929000,0,0
1776523326.071618,35.929000,0,0
1776523328.267944,35.929000,0,0
1776523330.859336,35.929000,0,0
1776523333.136834,35.929000,0,0
1776523335.152484,36.026000,0,0
1776523337.353397,36.026000,0,0
1776523339.754737,36.026000,0,0
1776523341.761083,36.026000,0,0
1776523343.960679,36.026000,0,0
1776523346.151915,36.026000,0,0
1776523348.237949,36.026000,0,0
1776523350.241677,36.026000,0,0
1776523352.442313,36.026000,0,0
1776523354.379162,36.026000,0,0
1776523356.590043,36.026000,0,0
1776523358.598604,36.026000,0,0
1776523360.799767,36.026000,0,0
1776523362.975502,36.026000,0,0
1776523365.172224,35.734000,0,0
1776523367.187016,35.734000,0,0
1776523369.393458,35.734000,0,0
1776523371.394783,35.734000,0,0
1776523373.591610,35.734000,0,0
1776523376.218230,35.734000,0,0
1776523378.303451,35.734000,0,0
1776523380.504038,35.734000,0,0
1776523382.519843,35.734000,0,0
1776523384.368483,35.734000,0,0
1776523386.561285,35.734000,0,0
1776523388.565019,35.734000,0,0
1776523390.756350,35.734000,0,0
1776523393.068092,35.734000,0,0
1776523395.263841,35.929000,0,0
1776523397.270293,35.929000,0,0
1776523399.463672,35.929000,0,0
1776523401.471467,35.929000,0,0
1776523403.800022,35.929000,0,0
1776523406.388285,35.929000,0,0
1776523408.468632,35.929000,0,0
1776523410.523682,35.929000,0,0
1776523412.582579,35.929000,0,0
1776523414.642449,35.929000,0,0
1776523417.219021,35.929000,0,0
1776523419.460304,35.929000,0,0
1776523421.524654,35.929000,0,0
1776523423.612212,35.929000,0,0
1776523425.827029,36.124000,0,0
1776523427.883122,36.124000,0,0
1776523430.079849,36.124000,0,0
1776523432.092459,36.124000,0,0
1776523433.989734,36.124000,0,0
1776523436.193309,36.124000,0,0
1776523438.341785,36.124000,0,0
1776523440.543504,36.124000,0,0
1776523442.755547,36.124000,0,0
1776523444.765633,36.124000,0,0
1776523446.786060,36.124000,0,0
1776523448.988141,36.124000,0,0
1776523451.002994,36.124000,0,0
1776523453.352991,36.124000,0,0
1776523455.362423,35.345000,0,0
1776523457.419019,35.345000,0,0
1776523459.996333,35.345000,0,0
1776523462.626494,35.345000,0,0
1776523464.820257,35.345000,0,0
1776523466.825289,35.345000,0,0
1776523469.235264,35.345000,0,0
1776523471.239160,35.345000,0,0
1776523473.251382,35.345000,0,0
1776523475.443533,35.345000,0,0
1776523477.448239,35.345000,0,0
1776523479.642429,35.345000,0,0
1776523481.651535,35.345000,0,0
1776523483.869388,35.345000,0,0
1776523486.068005,35.831000,0,0
1776523488.079975,35.831000,0,0
1776523490.081758,35.831000,0,0
1776523492.280434,35.831000,0,0
1776523494.295081,35.831000,0,0
1776523496.493339,35.831000,0,0
1776523498.565283,35.831000,0,0
1776523500.625362,35.831000,0,0
1776523502.644497,35.831000,0,0
1776523504.844864,35.831000,0,0
1776523506.902401,35.831000,0,0
1776523508.907864,35.831000,0,0
1776523510.914978,35.831000,0,0
1776523512.990759,35.831000,0,0
1776523515.186934,36.026000,0,0
1776523517.202247,36.026000,0,0
1776523519.404881,36.026000,0,0
1776523521.412390,36.026000,0,0
1776523523.797652,36.026000,0,0
1776523525.995999,36.026000,0,0
1776523528.236915,36.026000,0,0
1776523530.441663,36.026000,0,0
1776523532.450961,36.026000,0,0
1776523534.375580,36.026000,0,0
1776523536.581232,36.026000,0,0
1776523538.581957,36.026000,0,0
1776523540.773443,36.026000,0,0
1776523542.804336,36.026000,0,0
1776523544.998919,35.734000,0,0
1776523547.000359,35.734000,0,0
1776523549.195025,35.734000,0,0
1776523551.207133,35.734000,0,0
1776523553.404781,35.734000,0,0
1776523555.413656,35.734000,0,0
1776523557.588939,35.734000,0,0
1776523559.806319,35.734000,0,0
1776523562.382264,35.734000,0,0
1776523564.366386,35.734000,0,0
1776523566.764956,35.734000,0,0
1776523568.765416,35.734000,0,0
1776523571.006945,35.734000,0,0
1776523573.103869,35.734000,0,0
1776523575.298291,36.026000,0,0
1776523577.308381,36.026000,0,0
1776523579.524242,36.026000,0,0
1776523581.535099,36.026000,0,0
1776523583.797968,36.026000,0,0
1776523585.989916,36.026000,0,0
1776523588.250077,36.026000,0,0
1776523590.647192,36.026000,0,0
1776523592.671043,36.026000,0,0
1776523594.678518,36.026000,0,0
1776523596.683989,36.026000,0,0
1776523598.890245,36.026000,0,0
1776523600.899432,36.026000,0,0
1776523602.973077,36.026000,0,0
1776523605.183906,35.929000,0,0
1776523607.576748,35.929000,0,0
1776523609.585264,35.929000,0,0
1776523611.782724,35.929000,0,0
1776523613.787748,35.929000,0,0
1776523615.986455,35.929000,0,0
1776523618.155534,35.929000,0,0
1776523620.346908,35.929000,0,0
1776523622.356788,35.929000,0,0
1776523624.548732,35.929000,0,0
1776523626.740237,35.929000,0,0
1776523628.762788,35.929000,0,0
1776523630.765462,35.929000,0,0
1776523633.086354,35.929000,0,0
1776523635.283260,35.831000,0,0
1776523637.289525,35.831000,0,0
1776523639.297352,35.831000,0,0
1776523641.541091,35.831000,0,0
1776523643.545985,35.831000,0,0
1776523645.740507,35.831000,0,0
1776523647.800586,35.831000,0,0
1776523649.802769,35.831000,0,0
1776523651.999194,35.831000,0,0
1776523653.994615,35.831000,0,0
1776523656.187280,35.831000,0,0
1776523658.199642,35.831000,0,0
1776523660.207865,35.831000,0,0
1776523662.448413,35.831000,0,0
1776523664.372905,35.929000,0,0
1776523666.562438,35.929000,0,0
1776523668.568086,35.929000,0,0
1776523670.760407,35.929000,0,0
1776523672.765662,35.929000,0,0
1776523674.958468,35.929000,0,0
1776523676.963435,35.929000,0,0
1776523679.164614,35.929000,0,0
1776523681.182948,35.929000,0,0
1776523683.197599,35.929000,0,0
1776523685.396856,35.929000,0,0
1776523687.408725,35.929000,0,0
1776523689.461513,35.929000,0,0
1776523691.478804,35.929000,0,0
1776523693.489283,35.929000,0,0
1776523695.743961,35.929000,0,0
1776523697.754190,35.929000,0,0
1776523699.812619,35.929000,0,0
1776523701.821208,35.929000,0,0
1776523704.013733,35.929000,0,0
1776523706.020085,35.929000,0,0
1776523708.280035,35.929000,0,0
1776523710.285893,35.929000,0,0
1776523712.483277,35.929000,0,0
1776523714.368483,35.929000,0,0
1776523716.558523,35.929000,0,0
1776523718.566541,35.929000,0,0
1776523720.759890,35.929000,0,0
1776523723.036857,35.929000,0,0
1776523725.236980,35.831000,0,0
1776523727.244723,35.831000,0,0
1776523729.435932,35.831000,0,0
1776523731.631601,35.831000,0,0
1776523733.800212,35.831000,0,0
1776523735.993944,35.831000,0,0
1776523738.092001,35.831000,0,0
1776523740.287634,35.831000,0,0
1776523742.298986,35.831000,0,0
1776523744.308432,35.831000,0,0
1776523746.501860,35.831000,0,0
1776523748.512256,35.831000,0,0
1776523750.517055,35.831000,0,0
1776523752.851672,35.831000,0,0
1776523754.862395,35.929000,0,0
1776523756.869289,35.929000,0,0
1776523759.068125,35.929000,0,0
1776523761.083691,35.929000,0,0
1776523763.313460,35.929000,0,0
1776523765.510940,35.929000,0,0
1776523767.854803,35.929000,0,0
1776523769.861581,35.929000,0,0
1776523771.872432,35.929000,0,0
1776523774.115458,35.929000,0,0
1776523776.120868,35.929000,0,0
1776523778.319954,35.929000,0,0
1776523780.327652,35.929000,0,0
1776523782.553309,35.929000,0,0
1776523784.394309,35.831000,0,0
1776523786.597730,35.831000,0,0
1776523788.601073,35.831000,0,0
1776523790.828702,35.831000,0,0
1776523793.224423,35.831000,0,0
1776523795.233337,35.831000,0,0
1776523797.465100,35.831000,0,0
1776523799.472849,35.831000,0,0
1776523801.665559,35.831000,0,0
1776523803.796854,35.831000,0,0
1776523805.991859,35.831000,0,0
1776523807.995655,35.831000,0,0
1776523810.008338,35.831000,0,0
1776523812.389530,35.831000,0,0
1776523814.367864,35.929000,0,0
1776523816.615857,35.929000,0,0
1776523818.626077,35.929000,0,0
1776523820.632385,35.929000,0,0
1776523822.827955,35.929000,0,0
1776523824.834454,35.929000,0,0
1776523827.079164,35.929000,0,0
1776523829.090556,35.929000,0,0
1776523831.094517,35.929000,0,0
1776523833.108593,35.929000,0,0
1776523835.164132,35.929000,0,0
1776523837.219095,35.929000,0,0
1776523839.239894,35.929000,0,0
1776523841.868144,35.929000,0,0
1776523844.009277,35.929000,0,0
1776523846.015561,35.929000,0,0
1776523848.029922,35.929000,0,0
1776523850.229602,35.929000,0,0
1776523852.462320,35.929000,0,0
1776523854.560939,35.929000,0,0
1776523856.569249,35.929000,0,0
1776523858.607427,35.929000,0,0
1776523860.800274,35.929000,0,0
1776523862.995995,35.929000,0,0
1776523865.002283,35.929000,0,0
1776523867.011852,35.929000,0,0
1776523869.664253,35.929000,0,0
1776523871.678818,35.929000,0,0
1776523873.705412,35.929000,0,0
1776523875.905654,35.831000,0,0
1776523877.917382,35.831000,0,0
1776523880.122453,35.831000,0,0
1776523882.129674,35.831000,0,0
1776523883.998374,35.831000,0,0
1776523886.247206,35.831000,0,0
1776523888.362565,35.831000,0,0
1776523890.559840,35.831000,0,0
1776523892.595691,35.831000,0,0
1776523894.786612,35.831000,0,0
1776523896.794595,35.831000,0,0
1776523898.991126,35.831000,0,0
1776523900.999307,35.831000,0,0
1776523903.245183,35.831000,0,0
1776523905.252510,35.734000,0,0
1776523907.448724,35.734000,0,0
1776523909.460057,35.734000,0,0
1776523911.657853,35.734000,0,0
1776523913.801513,35.734000,0,0
1776523915.996613,35.734000,0,0
1776523918.250562,35.734000,0,0
1776523920.456046,35.734000,0,0
1776523922.669375,35.734000,0,0
1776523924.677584,35.734000,0,0
1776523926.695390,35.734000,0,0
1776523928.889550,35.734000,0,0
1776523930.904861,35.734000,0,0
1776523933.140577,35.734000,0,0
1776523935.343488,35.734000,0,0
1776523937.546870,35.734000,0,0
1776523939.561196,35.734000,0,0
1776523941.623702,35.734000,0,0
1776523943.632299,35.734000,0,0
1776523945.686871,35.734000,0,0
1776523947.971589,35.734000,0,0
1776523950.601723,35.734000,0,0
1776523952.800527,35.734000,0,0
1776523954.808612,35.734000,0,0
1776523956.819779,35.734000,0,0
1776523959.012613,35.734000,0,0
1776523961.018337,35.734000,0,0
1776523963.327254,35.734000,0,0
1776523965.336009,35.734000,0,0
1776523967.531324,35.734000,0,0
1776523969.537570,35.734000,0,0
1776523971.730489,35.734000,0,0
1776523973.798557,35.734000,0,0
1776523975.988494,35.734000,0,0
1776523978.278445,35.734000,0,0
1776523980.283568,35.734000,0,0
1776523982.299308,35.734000,0,0
1776523984.490964,35.734000,0,0
1776523987.069463,35.734000,0,0
1776523989.071570,35.734000,0,0
1776523991.081002,35.734000,0,0
1776523993.230197,35.734000,0,0
1776523995.422668,66.926000,83,80
1776523997.430890,66.926000,83,80
1776523999.444712,66.926000,83,80
1776524001.452532,66.926000,83,80
1776524003.854300,66.926000,83,80
1776524006.049815,66.926000,83,80
1776524008.172404,66.926000,83,80
1776524010.189916,66.926000,83,80
1776524012.277879,66.926000,83,80
1776524014.285464,66.926000,83,80
1776524016.540088,66.926000,83,80
1776524018.547526,66.926000,83,80
1776524020.740700,66.926000,83,80
1776524022.784295,66.926000,83,80
1776524024.794366,63.587000,94,82
1776524026.986770,63.587000,94,82
1776524028.992565,63.587000,94,82
1776524030.995631,63.587000,94,82
1776524032.998867,63.587000,94,82
1776524035.257583,63.587000,94,82
1776524037.952030,63.587000,94,82
1776524040.193154,63.587000,94,82
1776524042.389009,63.587000,94,82
1776524044.375482,63.587000,94,82
1776524046.384749,63.587000,94,82
1776524048.594328,63.587000,94,82
1776524050.603682,63.587000,94,82
1776524053.171491,63.587000,94,82
1776524055.363661,69.970000,96,82
1776524057.377572,69.970000,96,82
1776524059.391366,69.970000,96,82
1776524061.594831,69.970000,96,82
1776524063.795999,69.970000,96,82
1776524065.801246,69.970000,96,82
1776524068.086836,69.970000,96,82
1776524070.281808,69.970000,96,82
1776524072.290432,69.970000,96,82
1776524074.291588,69.970000,96,82
1776524076.342614,69.970000,96,82
1776524078.351740,69.970000,96,82
1776524080.539646,69.970000,96,82
1776524082.569538,69.970000,96,82
1776524084.760754,64.939000,61,86
1776524086.768101,64.939000,61,86
1776524088.769869,64.939000,61,86
1776524090.826212,64.939000,61,86
1776524093.412648,64.939000,61,86
1776524095.812756,64.939000,61,86
1776524098.441179,64.939000,61,86
1776524100.460068,64.939000,61,86
1776524102.470167,64.939000,61,86
1776524104.366961,64.939000,61,86
1776524106.940709,64.939000,61,86
1776524109.141079,64.939000,61,86
1776524111.149749,64.939000,61,86
1776524113.204370,64.939000,61,86
1776524115.400242,61.442000,93,63
1776524117.414959,61.442000,93,63
1776524120.002028,61.442000,93,63
1776524122.005256,61.442000,93,63
1776524123.999835,61.442000,93,63
1776524126.191576,61.442000,93,63
1776524128.457500,61.442000,93,63
1776524130.649472,61.442000,93,63
1776524133.235684,61.442000,93,63
1776524135.241484,61.442000,93,63
1776524137.249600,61.442000,93,63
1776524139.487901,61.442000,93,63
1776524141.896152,61.442000,93,63
1776524144.383696,66.443000,96,84
1776524146.384101,66.443000,96,84
1776524148.397006,66.443000,96,84
1776524150.593482,66.443000,96,84
1776524152.787957,66.443000,96,84
1776524154.795819,66.443000,96,84
1776524157.375189,66.443000,96,84
1776524159.776267,66.443000,96,84
1776524161.784786,66.443000,96,84
1776524163.797005,66.443000,96,84
1776524166.004148,66.443000,96,84
1776524168.027091,66.443000,96,84
1776524170.223883,66.443000,96,84
1776524172.471330,66.443000,96,84
1776524174.373708,66.236000,94,45
1776524176.576156,66.236000,94,45
1776524178.590737,66.236000,94,45
1776524180.704592,66.236000,94,45
1776524182.719488,66.236000,94,45
1776524184.729634,66.236000,94,45
1776524186.842026,66.236000,94,45
1776524189.432409,66.236000,94,45
1776524191.436215,66.236000,94,45
1776524193.441579,66.236000,94,45
1776524195.548918,66.236000,94,45
1776524198.134210,66.236000,94,45
1776524200.341303,66.236000,94,45
1776524202.355608,66.236000,94,45
1776524204.409441,58.602000,93,87
1776524206.517258,58.602000,93,87
1776524208.711241,58.602000,93,87
1776524210.728299,58.602000,93,87
1776524212.742679,58.602000,93,87
1776524214.848499,58.602000,93,87
1776524216.854576,58.602000,93,87
1776524219.168444,58.602000,93,87
1776524221.188159,58.602000,93,87
1776524223.396543,58.602000,93,87
1776524225.410643,58.602000,93,87
1776524227.652712,58.602000,93,87
1776524229.845922,58.602000,93,87
1776524231.860411,58.602000,93,87
1776524233.883240,58.602000,93,87
1776524235.947673,63.530000,83,83
1776524238.149778,63.530000,83,83
1776524240.156768,63.530000,83,83
1776524242.176784,63.530000,83,83
1776524244.379220,63.530000,83,83
1776524246.577739,63.530000,83,83
1776524248.602697,63.530000,83,83
1776524250.608034,63.530000,83,83
1776524252.826042,63.530000,83,83
1776524255.033914,63.530000,83,83
1776524257.039658,63.530000,83,83
1776524259.054376,63.530000,83,83
1776524261.249275,63.530000,83,83
1776524263.527686,63.530000,83,83
1776524265.928473,65.422000,96,50
1776524267.931543,65.422000,96,50
1776524270.126660,65.422000,96,50
1776524272.137294,65.422000,96,50
1776524273.996656,65.422000,96,50
1776524276.567754,65.422000,96,50
1776524278.575052,65.422000,96,50
1776524280.769529,65.422000,96,50
1776524282.775481,65.422000,96,50
1776524284.828337,65.422000,96,50
1776524287.021102,65.422000,96,50
1776524289.420829,65.422000,96,50
1776524291.423850,65.422000,96,50
1776524293.438898,65.422000,96,50
1776524295.443551,68.138000,97,85
1776524297.498707,68.138000,97,85
1776524300.121821,68.138000,97,85
1776524302.135482,68.138000,97,85
1776524304.188212,68.138000,97,85
1776524306.432210,68.138000,97,85
1776524308.553335,68.138000,97,85
1776524310.796600,68.138000,97,85
1776524312.866616,68.138000,97,85
1776524314.917500,68.138000,97,85
1776524316.977170,68.138000,97,85
1776524318.985851,68.138000,97,85
1776524320.993545,68.138000,97,85
1776524323.228714,68.138000,97,85
1776524325.235040,64.843000,92,77
1776524327.290224,64.843000,92,77
1776524329.296512,64.843000,92,77
1776524331.360186,64.843000,92,77
1776524333.393372,64.843000,92,77
1776524335.445145,64.843000,92,77
1776524337.780017,64.843000,92,77
1776524339.790941,64.843000,92,77
1776524341.794915,64.843000,92,77
1776524344.001506,64.843000,92,77
1776524346.006462,64.843000,92,77
1776524348.010513,64.843000,92,77
1776524350.198917,64.843000,92,77
1776524352.458471,64.843000,92,77
1776524354.857718,66.540000,96,59
1776524356.868383,66.540000,96,59
1776524359.059631,66.540000,96,59
1776524361.265586,66.540000,96,59
1776524363.284977,66.540000,96,59
1776524365.304863,66.540000,96,59
1776524367.767999,66.540000,96,59
1776524370.346036,66.540000,96,59
1776524372.979895,66.540000,96,59
1776524375.218465,66.540000,96,59
1776524377.270957,66.540000,96,59
1776524379.668274,66.540000,96,59
1776524381.683584,66.540000,96,59
1776524383.802314,66.540000,96,59
1776524385.817602,65.133000,94,72
1776524388.006980,65.133000,94,72
1776524390.603644,65.133000,94,72
1776524392.796666,65.133000,94,72
1776524394.804502,65.133000,94,72
1776524396.807612,65.133000,94,72
1776524399.000757,65.133000,94,72
1776524401.199455,65.133000,94,72
1776524403.206811,65.133000,94,72
1776524405.216493,65.133000,94,72
1776524407.413332,65.133000,94,72
1776524409.423034,65.133000,94,72
1776524411.433671,65.133000,94,72
1776524413.801580,65.133000,94,72
1776524415.996522,60.669000,97,27
1776524418.004777,60.669000,97,27
1776524420.023962,60.669000,97,27
1776524422.223008,60.669000,97,27
1776524424.417622,60.669000,97,27
1776524426.816582,60.669000,97,27
1776524428.815347,60.669000,97,27
1776524430.817944,60.669000,97,27
1776524432.831609,60.669000,97,27
1776524435.038735,60.669000,97,27
1776524437.041483,60.669000,97,27
1776524439.331234,60.669000,97,27
1776524441.536610,60.669000,97,27
1776524443.553773,60.669000,97,27
1776524445.563933,61.018000,96,44
1776524447.807575,61.018000,96,44
1776524450.062499,61.018000,96,44
1776524452.125081,61.018000,96,44
1776524454.369933,61.018000,96,44
1776524456.480657,61.018000,96,44
1776524458.540240,61.018000,96,44
1776524460.731284,61.018000,96,44
1776524462.753164,61.018000,96,44
1776524464.768041,61.018000,96,44
1776524466.877626,61.018000,96,44
1776524468.899126,61.018000,96,44
1776524471.091026,61.018000,96,44
1776524473.577746,61.018000,96,44
1776524475.586258,66.292000,91,75
1776524477.780870,66.292000,91,75
1776524479.977279,66.292000,91,75
1776524481.985410,66.292000,91,75
1776524484.040902,66.292000,91,75
1776524486.255947,66.292000,91,75
1776524488.510578,66.292000,91,75
1776524490.522233,66.292000,91,75
1776524492.528558,66.292000,91,75
1776524494.560695,66.292000,91,75
1776524496.565784,66.292000,91,75
1776524498.578743,66.292000,91,75
1776524500.770838,66.292000,91,75
1776524502.807330,66.292000,91,75
1776524504.813814,69.392000,96,82
1776524506.917788,69.392000,96,82
1776524508.924738,69.392000,96,82
1776524511.511153,69.392000,96,82
1776524513.919939,69.392000,96,82
1776524515.926908,69.392000,96,82
1776524518.096361,69.392000,96,82
1776524520.103007,69.392000,96,82
1776524522.776903,69.392000,96,82
1776524524.882170,69.392000,96,82
1776524527.080875,69.392000,96,82
1776524529.083269,69.392000,96,82
1776524531.090298,69.392000,96,82
1776524533.213224,69.392000,96,82
1776524535.421417,66.540000,98,54
1776524537.426163,66.540000,98,54
1776524539.439641,66.540000,98,54
1776524541.451775,66.540000,98,54
1776524543.692967,66.540000,98,54
1776524545.752911,66.540000,98,54
1776524547.881598,66.540000,98,54
1776524549.893536,66.540000,98,54
1776524551.919144,66.540000,98,54
1776524554.134818,66.540000,98,54
1776524556.330251,66.540000,98,54
1776524558.337186,66.540000,98,54
1776524560.347672,66.540000,98,54
1776524562.568294,66.540000,98,54
1776524564.600477,67.450000,67,71
1776524566.814266,67.450000,67,71
1776524569.006018,67.450000,67,71
1776524571.022135,67.450000,67,71
1776524573.426800,67.450000,67,71
1776524575.434777,67.450000,67,71
1776524577.683699,67.450000,67,71
1776524579.941736,67.450000,67,71
1776524581.962442,67.450000,67,71
1776524584.213295,67.450000,67,71
1776524586.218516,67.450000,67,71
1776524588.290619,67.450000,67,71
1776524590.294461,67.450000,67,71
1776524592.532893,67.450000,67,71
1776524594.556352,57.222000,100,24
1776524596.564179,57.222000,100,24
1776524598.586969,57.222000,100,24
1776524600.782457,57.222000,100,24
1776524602.785761,57.222000,100,24
1776524604.794451,57.222000,100,24
1776524607.695650,57.222000,100,24
1776524609.696164,57.222000,100,24
1776524611.892879,57.222000,100,24
1776524613.899320,57.222000,100,24
1776524615.951296,57.222000,100,24
1776524618.146079,57.222000,100,24
1776524620.154826,57.222000,100,24
1776524622.185352,57.222000,100,24
1776524624.268883,66.388000,100,85
1776524626.278189,66.388000,95,85
1776524628.467239,66.388000,95,85
1776524630.676428,66.388000,95,85
1776524632.711752,66.388000,95,85
1776524634.716377,66.388000,95,85
1776524636.908372,66.388000,95,85
1776524639.105921,66.388000,95,85
1776524641.109621,66.388000,95,85
1776524643.124579,66.388000,95,85
1776524645.344904,66.388000,95,85
1776524647.552172,66.388000,95,85
1776524649.559472,66.388000,95,85
1776524651.567611,66.388000,95,85
1776524653.798229,66.388000,95,85
1776524655.862001,66.098000,91,86
1776524658.056352,66.098000,91,86
1776524660.072531,66.098000,91,86
1776524662.086515,66.098000,91,86
1776524664.277524,66.098000,91,86
1776524666.293598,66.098000,91,86
1776524668.514780,66.098000,91,86
1776524670.519553,66.098000,91,86
1776524672.720787,66.098000,91,86
1776524674.914586,66.098000,91,86
1776524677.307507,66.098000,91,86
1776524679.323541,66.098000,91,86
1776524681.329549,66.098000,91,86
1776524683.367529,66.098000,91,86
1776524685.609074,65.326000,75,78
1776524687.428452,65.326000,75,78
1776524689.432461,65.326000,75,78
1776524691.438675,65.326000,75,78
1776524693.500652,65.326000,75,78
1776524695.749942,65.326000,75,78
1776524697.940354,65.326000,75,78
1776524699.996153,65.326000,75,78
1776524702.056801,65.326000,75,78
1776524704.003671,65.326000,75,78
1776524706.403814,65.326000,75,78
1776524708.425858,65.326000,75,78
1776524710.441036,65.326000,75,78
1776524712.748613,65.326000,75,78
1776524714.753783,66.002000,97,85
1776524717.002392,66.002000,97,85
1776524719.017727,66.002000,97,85
1776524721.024715,66.002000,97,85
1776524723.081336,66.002000,97,85
1776524725.288126,66.002000,97,85
1776524727.383349,66.002000,97,85
1776524729.781971,66.002000,97,85
1776524731.788059,66.002000,97,85
1776524733.800967,66.002000,97,85
1776524736.002964,66.002000,97,85
1776524738.014953,66.002000,97,85
1776524740.076173,66.002000,97,85
1776524742.283680,66.002000,97,85
1776524744.300579,59.448000,100,32
1776524746.317444,59.448000,100,32
1776524748.370885,59.448000,100,32
1776524750.375957,59.448000,100,32
1776524752.584332,59.448000,100,32
1776524754.651278,59.448000,100,32
1776524756.657734,59.448000,100,32
1776524758.857374,59.448000,100,32
1776524760.867916,59.448000,100,32
1776524762.874034,59.448000,100,32
1776524765.068763,59.448000,100,32
1776524767.266035,59.448000,100,32
1776524769.282900,59.448000,100,32
1776524771.293870,59.448000,100,32
1776524773.567641,59.448000,100,32
1776524775.816268,60.497000,95,79
1776524778.015329,60.497000,95,79
1776524780.023821,60.497000,95,79
1776524782.041801,60.497000,95,79
1776524784.251771,60.497000,95,79
1776524786.457802,60.497000,95,79
1776524788.550745,60.497000,95,79
1776524790.562784,60.497000,95,79
1776524792.621260,60.497000,95,79
1776524794.623151,60.497000,95,79
1776524796.680377,60.497000,95,79
1776524798.878654,60.497000,95,79
1776524800.887928,60.497000,95,79
1776524802.940315,60.497000,95,79
1776524805.153989,65.382000,88,86
1776524807.191413,65.382000,88,86
1776524809.386887,65.382000,88,86
1776524811.582292,65.382000,88,86
1776524813.606360,65.382000,88,86
1776524815.813438,65.382000,88,86
1776524818.087995,65.382000,88,86
1776524820.281739,65.382000,88,86
1776524822.299194,65.382000,88,86
1776524824.325361,65.382000,88,86
1776524826.523710,65.382000,88,86
1776524828.530159,65.382000,88,86
1776524830.727580,65.382000,88,86
1776524832.990908,65.382000,88,86
1776524835.045531,68.374000,94,86
1776524837.239478,68.374000,94,86
1776524839.247626,68.374000,94,86
1776524841.259371,68.374000,94,86
1776524843.449874,68.374000,94,86
1776524845.644017,68.374000,94,86
1776524847.970001,68.374000,94,86
1776524850.173224,68.374000,94,86
1776524852.210300,68.374000,94,86
1776524854.408940,68.374000,94,86
1776524856.601886,68.374000,94,86
1776524858.609697,68.374000,94,86
1776524860.809818,68.374000,94,86
1776524863.445063,68.374000,94,86
1776524865.449336,66.816000,95,81
1776524867.695153,66.816000,95,81
1776524869.706865,66.816000,95,81
1776524871.715973,66.816000,95,81
1776524873.793606,66.816000,95,81
1776524875.989860,66.816000,95,81
1776524878.241853,66.816000,95,81
1776524880.255479,66.816000,95,81
1776524882.288558,66.816000,95,81
1776524884.347327,66.816000,95,81
1776524886.352629,66.816000,95,81
1776524888.361277,66.816000,95,81
1776524890.368653,66.816000,95,81
1776524892.707021,66.816000,95,81
1776524895.310543,64.110000,100,34
1776524897.560797,64.110000,100,34
1776524899.811572,64.110000,100,34
1776524902.006343,64.110000,100,34
1776524903.996065,64.110000,100,34
1776524906.002286,64.110000,100,34
1776524908.278581,64.110000,100,34
1776524910.282423,64.110000,100,34
1776524912.858674,64.110000,100,34
1776524915.076084,64.110000,100,34
1776524917.094289,64.110000,100,34
1776524919.503316,64.110000,100,34
1776524921.510502,64.110000,100,34
1776524923.701920,64.110000,100,34
1776524925.909881,65.173000,75,85
1776524928.104807,65.173000,75,85
1776524930.111471,65.173000,75,85
1776524932.115328,65.173000,75,85
1776524934.370822,65.173000,75,85
1776524937.045505,65.173000,75,85
1776524939.755584,65.173000,75,85
1776524942.375228,65.173000,75,85
1776524944.370767,65.173000,75,85
1776524946.665420,65.173000,75,85
1776524949.245854,65.173000,75,85
1776524951.350997,65.173000,75,85
1776524953.524881,65.173000,75,85
1776524955.642428,64.843000,95,87
1776524957.844853,64.843000,95,87
1776524959.852000,64.843000,95,87
1776524961.862009,64.843000,95,87
1776524963.885724,64.843000,95,87
1776524965.996652,64.843000,95,87
1776524968.210836,64.843000,95,87
1776524970.621901,64.843000,95,87
1776524972.628352,64.843000,95,87
1776524974.826037,64.843000,95,87
1776524976.835396,64.843000,95,87
1776524978.844145,64.843000,95,87
1776524980.847733,64.843000,95,87
1776524982.984408,64.843000,95,87
1776524985.272995,65.946000,96,78
1776524987.384913,65.946000,96,78
1776524989.387955,65.946000,96,78
1776524991.395047,65.946000,96,78
1776524993.596285,65.946000,96,78
1776524995.842700,65.946000,96,78
1776524997.999256,65.946000,96,78
1776525000.194944,65.946000,96,78
1776525002.212953,65.946000,96,78
1776525004.412195,65.946000,96,78
1776525006.420928,65.946000,96,78
1776525008.430037,65.946000,96,78
1776525010.484292,65.946000,96,78
1776525012.759491,65.946000,96,78
1776525014.951781,65.310000,89,69
1776525016.995210,65.310000,89,69
1776525019.000461,65.310000,89,69
1776525021.051609,65.310000,89,69
1776525023.058248,65.310000,89,69
1776525025.117509,65.310000,89,69
1776525027.379478,65.310000,89,69
1776525030.114354,65.310000,89,69
1776525032.324357,65.310000,89,69
1776525034.338074,65.310000,89,69
1776525036.342096,65.310000,89,69
1776525038.394366,65.310000,89,69
1776525040.782405,65.310000,89,69
1776525042.843169,65.310000,89,69
1776525045.036666,63.280000,95,83
1776525047.045738,63.280000,95,83
1776525049.057139,63.280000,95,83
1776525051.249521,63.280000,95,83
1776525053.260352,63.280000,95,83
1776525055.328371,63.280000,95,83
1776525057.949723,63.280000,95,83
1776525060.352859,63.280000,95,83
1776525062.368635,63.280000,95,83
1776525064.376524,63.280000,95,83
1776525066.565421,63.280000,95,83
1776525069.246425,63.280000,95,83
1776525071.254450,63.280000,95,83
1776525073.310432,63.280000,95,83
1776525075.510332,66.774000,95,85
1776525077.706797,66.774000,95,85
1776525079.715917,66.774000,95,85
1776525081.720972,66.774000,95,85
1776525083.799074,66.774000,95,85
1776525085.852534,66.774000,95,85
1776525088.380432,66.774000,95,85
1776525090.437613,66.774000,95,85
1776525092.630690,66.774000,95,85
1776525094.635709,66.774000,95,85
1776525096.647146,66.774000,95,85
1776525098.697710,66.774000,95,85
1776525100.703212,66.774000,95,85
1776525102.774297,66.774000,95,85
1776525104.967932,65.560000,96,86
1776525106.968720,65.560000,96,86
1776525108.976256,65.560000,96,86
1776525111.036400,65.560000,96,86
1776525113.242723,65.560000,96,86
1776525115.248724,65.560000,96,86
1776525117.498062,65.560000,96,86
1776525119.686834,65.560000,96,86
1776525122.085180,65.560000,96,86
1776525123.989418,65.560000,96,86
1776525125.993917,65.560000,96,86
1776525128.191843,65.560000,96,86
1776525130.388391,65.560000,96,86
1776525132.791379,65.560000,96,86
1776525134.796673,55.680000,76,80
1776525136.989975,55.680000,76,80
1776525139.185910,55.680000,76,80
1776525141.571952,55.680000,76,80
1776525143.583610,55.680000,76,80
1776525145.587685,55.680000,76,80
1776525147.812057,55.680000,76,80
1776525150.064547,55.680000,76,80
1776525152.652191,55.680000,76,80
1776525155.277576,55.680000,76,80
1776525157.521890,55.680000,76,80
1776525159.541006,55.680000,76,80
1776525161.605462,55.680000,76,80
